"","terms","apmis"
"user","user",5.22021652351036
"actual","actual",5.11198874939656
"window","window",5.02649934823234
"write","write",3.91394336452339
"updat","updat",3.81072620539461
"websit","websit",3.80183757841772
"run","run",3.69809986075497
"start","start",3.61966518394373
"allow","allow",3.600034455425
"understand","understand",3.37845362247518
"usual","usual",3.2981845613232
"test","test",3.25603865760486
"tool","tool",3.16373039130458
"type","type",3.15307753331186
"time","time",3.10174014518632
"system","system",3.06952607571772
"server","server",3.0070601825949
"account","account",2.95737227322647
"variabl","variabl",2.92041517098304
"back","back",2.81418386886964
"activ","activ",2.80816071493126
"vulner","vulner",2.76862919550062
"almost","almost",2.73544320499905
"web","web",2.72058445267575
"requir","requir",2.60318524639634
"simpli","simpli",2.58452593486168
"address","address",2.57571932015777
"true","true",2.55390961300632
"valu","valu",2.55114873564137
"string","string",2.42354250442487
"store","store",2.4167012877905
"addit","addit",2.41007380531683
"singl","singl",2.40702048689961
"appli","appli",2.37845196528588
"support","support",2.36192630891762
"ticket","ticket",2.34103162340541
"access","access",2.33396231802572
"simpl","simpl",2.32789519555436
"switch","switch",2.29832836857063
"suggest","suggest",2.28390909227619
"app","app",2.25326917858959
"top","top",2.24665800160959
"basic","basic",2.22337925811859
"site","site",2.21929175749271
"similar","similar",2.19854838982446
"read","read",2.18712674852822
"accord","accord",2.15529125642757
"version","version",2.14982690699064
"assum","assum",2.13031081546302
"talk","talk",2.12950490459564
"second","second",2.12348864997551
"base","base",2.08193530276357
"avail","avail",2.07945754403759
"servic","servic",2.07121158527075
"applic","applic",2.0673964787095
"total","total",2.05923344131868
"target","target",2.05435792519212
"send","send",2.03028129330665
"appear","appear",2.01394177829159
"technic","technic",2.00601563801207
"sever","sever",1.98206512588946
"provid","provid",1.97487177825282
"answer","answer",1.96105507823835
"stop","stop",1.9555558687405
"attack","attack",1.93648638692272
"put","put",1.90884282657894
"virtual","virtual",1.89926929002873
"valid","valid",1.8933274014549
"affect","affect",1.88434890818037
"probabl","probabl",1.86392189469228
"standard","standard",1.85594801912915
"remov","remov",1.82701986489534
"android","android",1.79927881783459
"result","result",1.76802067236555
"possibl","possibl",1.74884088703946
"anonym","anonym",1.74551949756384
"advanc","advanc",1.73462185223064
"call","call",1.73352596971271
"altern","altern",1.71715295572911
"state","state",1.6928580229221
"pretti","pretti",1.68519467079084
"typic","typic",1.67393261750093
"real","real",1.65857620383104
"recent","recent",1.64811349170591
"return","return",1.64636682959026
"special","special",1.63126689982566
"bit","bit",1.58474148556685
"script","script",1.56517567646321
"save","save",1.55445233012073
"build","build",1.54208668231223
"achiev","achiev",1.54014313641461
"video","video",1.52925422099997
"share","share",1.52574861241995
"automat","automat",1.51228846566554
"break.","break.",1.4999735515548
"wait","wait",1.49818370842046
"prize","prize",1.49528831140601
"attempt","attempt",1.4730307076592
"social","social",1.4717861599119
"thread","thread",1.47041420939586
"url","url",1.45723321922316
"usb","usb",1.45438022857818
"static","static",1.44471186094782
"term","term",1.43450631079215
"sign","sign",1.43422220503748
"unfortun","unfortun",1.42923994301402
"chang","chang",1.41850204185682
"separ","separ",1.41679006146358
"text","text",1.41605939500914
"public","public",1.40071989010447
"solut","solut",1.38718554631907
"case","case",1.38127635641559
"admin","admin",1.37285653936413
"quit","quit",1.34569504761944
"sound","sound",1.32627748916243
"upgrad","upgrad",1.32022964331023
"warn","warn",1.28946677393673
"remot","remot",1.28513347907339
"relat","relat",1.28287319721621
"uniqu","uniqu",1.27845836845544
"track","track",1.26772511970929
"view","view",1.26666977396056
"recommend","recommend",1.2607861232
"check","check",1.2606849204777
"announc","announc",1.25866388043006
"unit","unit",1.25084520754452
"password","password",1.24678069841782
"winner","winner",1.24658309221808
"suppos","suppos",1.23973227400542
"action","action",1.23751099131001
"ubuntu","ubuntu",1.23607213345467
"solv","solv",1.23410007818402
"open","open",1.20354229031895
"thousand","thousand",1.17847872498326
"browser","browser",1.17095627749452
"block","block",1.16915424985235
"api","api",1.16567168559196
"appar","appar",1.16235529291065
"zero","zero",1.15869193963476
"person","person",1.1570214009106
"care","care",1.14777273745333
"rememb","rememb",1.14285041914268
"safe","safe",1.13994108024063
"object","object",1.13600485675382
"releas","releas",1.13407717914727
"secur","secur",1.11318405758911
"program","program",1.11078579249195
"victim","victim",1.10823463051619
"close","close",1.10746309448815
"appreci","appreci",1.10599767531503
"associ","associ",1.10592549829529
"appropri","appropri",1.10403844877648
"buy","buy",1.10403128175165
"usernam","usernam",1.10237801132961
"reason","reason",1.09927598914059
"certain","certain",1.09538852027083
"report","report",1.09424677322338
"skill","skill",1.09077174277023
"mani","mani",1.08660803107244
"algorithm","algorithm",1.08364302709104
"trust","trust",1.07745337238653
"built","built",1.07663307388251
"bug","bug",1.073893298753
"step","step",1.07013135662833
"team","team",1.06806490308871
"stuff","stuff",1.06701350121534
"upload","upload",1.05936578831649
"author","author",1.05113725621384
"replac","replac",1.05032313486365
"success","success",1.03302181408565
"sent","sent",1.03278741214805
"request","request",1.02450322972085
"clear","clear",1.0156062419042
"resourc","resourc",1.00924819957072
"search","search",0.999593683976377
"rule","rule",0.991790929598937
"complet","complet",0.98996870792508
"select","select",0.969361388154936
"code","code",0.963352651271805
"research","research",0.955727566527822
"argument","argument",0.936114193601067
"vendor","vendor",0.93330413647522
"task","task",0.930223106823417
"privat","privat",0.922192386962627
"accomplish","accomplish",0.919078320114214
"binari","binari",0.91589489291199
"refer","refer",0.914827485784339
"stay","stay",0.9016311284066
"point","point",0.899738665380712
"slow","slow",0.896901577151121
"box","box",0.892945490310939
"sort","sort",0.871650071926791
"common","common",0.862112999730409
"tag","tag",0.861005510879138
"autom","autom",0.860824512979487
"post","post",0.857081252520592
"assign","assign",0.839986927542927
"card","card",0.819527975535295
"question","question",0.818733840077199
"vpn","vpn",0.816267241398813
"annoy","annoy",0.815501376078311
"receiv","receiv",0.808504723672821
"problem","problem",0.798301167719855
"agenc","agenc",0.797957518801701
"capabl","capabl",0.789467561509053
"verifi","verifi",0.78640519483759
"scan","scan",0.783801174248644
"tend","tend",0.773761486799511
"compani","compani",0.765345623486676
"attach","attach",0.764572073639682
"visual","visual",0.762337112771453
"client","client",0.761522082400148
"techniqu","techniqu",0.755970003413394
"weird","weird",0.755631849131368
"array","array",0.750441099277393
"strong","strong",0.74720480017964
"compar","compar",0.741636105653879
"alert","alert",0.740777368228851
"administr","administr",0.73479940184562
"super","super",0.734341469025177
"broken","broken",0.732833774946781
"termin","termin",0.730189685804529
"will","will",0.720301551148918
"clean","clean",0.717231156417226
"accur","accur",0.714418853587353
"certainli","certainli",0.712453507942385
"protect","protect",0.712397769923008
"comput","comput",0.705604607776225
"aim","aim",0.694940121266296
"oper","oper",0.687405677926687
"analyz","analyz",0.683737513349242
"secret","secret",0.681407334004931
"comment","comment",0.677277377442315
"shit","shit",0.672980424622122
"averag","averag",0.671487801494309
"studi","studi",0.670199294768783
"ultim","ultim",0.668090885989993
"approach","approach",0.663932170741726
"name","name",0.658797407687471
"respons","respons",0.656588072845991
"collect","collect",0.654522995462118
"click","click",0.653641895963152
"challeng","challeng",0.649234812999534
"consid","consid",0.645918457894623
"accident","accident",0.645065694884919
"project","project",0.626862786645416
"charact","charact",0.624143474825364
"clearli","clearli",0.608299461095223
"backup","backup",0.603740208983243
"touch","touch",0.596319655088932
"command","command",0.59346062434072
"adapt","adapt",0.585296377413389
"http","http",0.583324085660003
"product","product",0.580535315914414
"advis","advis",0.576640766378023
"origin","origin",0.570792749228826
"surpris","surpris",0.564370777939333
"tech","tech",0.564311470346802
"complex","complex",0.56299814272606
"voucher","voucher",0.560375662387655
"util","util",0.559894861373039
"boot","boot",0.554423891594767
"cert","cert",0.55178122083517
"other","other",0.547647467588573
"argu","argu",0.545527222594377
"weak","weak",0.5437456395559
"retweet","retweet",0.539929275155973
"visit","visit",0.532016674889217
"attribut","attribut",0.530906666696331
"pass","pass",0.524552097072891
"arrest","arrest",0.522146749798652
"amount","amount",0.518003417368016
"aspect","aspect",0.508160013382459
"amazon","amazon",0.507498804832084
"advantag","advantag",0.507459681672443
"steal","steal",0.506208907543945
"subject","subject",0.504924850870069
"combin","combin",0.501064555749498
"rout","rout",0.499213238335371
"wifi","wifi",0.496814238127111
"stand","stand",0.489169092919325
"connect","connect",0.486360971422442
"assembl","assembl",0.482231881184918
"purpos","purpos",0.480518976462582
"certif","certif",0.479336265813482
"tip","tip",0.475441234809255
"serv","serv",0.474575712447217
"walk","walk",0.472336075467121
"sensit","sensit",0.467778440211646
"random","random",0.464116527440161
"carri","carri",0.461828444714367
"concern","concern",0.461346727661182
"unknown","unknown",0.45784260902888
"arbitrari","arbitrari",0.455565831068198
"speak","speak",0.450696523163751
"cach","cach",0.43550963613536
"advertis","advertis",0.428629732447511
"trick","trick",0.425431261389297
"sourc","sourc",0.420592443828887
"alloc","alloc",0.417934948997596
"potenti","potenti",0.414921392453483
"record","record",0.414698293480196
"branch","branch",0.414338155644862
"content","content",0.410520245160377
"stolen","stolen",0.407985883203967
"technolog","technolog",0.40736856009672
"treat","treat",0.390506269419687
"control","control",0.388611185229332
"prefer","prefer",0.384793298634232
"leak","leak",0.375419903735404
"process","process",0.365251575029736
"method","method",0.364369945488601
"archiv","archiv",0.36125652041508
"configur","configur",0.360520092020169
"remain","remain",0.357174624072757
"blog","blog",0.354170114050885
"cheap","cheap",0.354111579697165
"cool","cool",0.350307034307164
"seriou","seriou",0.345724568793759
"regard","regard",0.342868049285347
"multipl","multipl",0.339551372708843
"admit","admit",0.33846722615371
"network","network",0.336589712660415
"articl","articl",0.336544401240856
"byte","byte",0.333100246531455
"python","python",0.327845774741985
"bash","bash",0.325689579529422
"reli","reli",0.325565368499298
"threat","threat",0.325338505492653
"contain","contain",0.32412672508466
"publish","publish",0.321681421635105
"channel","channel",0.31941926103308
"regular","regular",0.319036154514764
"copi","copi",0.31202990021693
"adjust","adjust",0.312020293876312
"bank","bank",0.304753111382429
"screen","screen",0.303443110803044
"push","push",0.300593459704131
"bare","bare",0.300401119824933
"complic","complic",0.299961342537858
"compromis","compromis",0.289941997602561
"side","side",0.289168642269095
"quickli","quickli",0.286430260101874
"catch","catch",0.28169716398225
"arriv","arriv",0.277713705974288
"correct","correct",0.277017538315168
"breach","breach",0.27574313856449
"confus","confus",0.274405756342531
"practic","practic",0.272760565188148
"deal","deal",0.271050906578227
"cloud","cloud",0.2703943343231
"long","long",0.269978182013053
"cover","cover",0.263030730827317
"sell","sell",0.26203086059281
"bundl","bundl",0.261873420891452
"chanc","chanc",0.258690703495218
"brows","brows",0.257771471772851
"corpor","corpor",0.254400795231066
"truli","truli",0.250956099039568
"wipe","wipe",0.249280191180427
"place","place",0.248759399973169
"creat","creat",0.243931181850036
"properli","properli",0.243869036837013
"compil","compil",0.243649259773701
"authent","authent",0.241032086542127
"caught","caught",0.239448334825122
"number","number",0.238200893500726
"decid","decid",0.227522017148666
"anim","anim",0.220955980935695
"quick","quick",0.217543585975572
"submit","submit",0.210914338694754
"captur","captur",0.210316594247546
"slightli","slightli",0.208442375833345
"calcul","calcul",0.206507024813834
"present","present",0.206370524726373
"token","token",0.206071057970383
"straight","straight",0.205258382110742
"readi","readi",0.203480802104644
"tutori","tutori",0.203368370106064
"compon","compon",0.203235417820096
"correctli","correctli",0.203019491220736
"custom","custom",0.202337873065304
"option","option",0.201992009396086
"chrome","chrome",0.190512937067209
"sql","sql",0.188968999675384
"router","router",0.188955199515023
"twitter","twitter",0.186824456528742
"bind","bind",0.186320975971104
"broke","broke",0.183714062419392
"commerci","commerci",0.181677302635449
"pull","pull",0.173529096760836
"critic","critic",0.171927351446064
"charg","charg",0.170112764688501
"concept","concept",0.167669470402063
"univers","univers",0.161258788248515
"comfort","comfort",0.159711800776319
"review","review",0.158341589300222
"approv","approv",0.156857220101109
"definit","definit",0.150775380803993
"cisco","cisco",0.143554053061577
"signific","signific",0.143050021126666
"stick","stick",0.141996098323463
"chines","chines",0.141073490613669
"audio","audio",0.140792260005389
"commit","commit",0.140310958455621
"youtub","youtub",0.13991716793159
"twice","twice",0.13775358630956
"suspect","suspect",0.137626681014971
"onlin","onlin",0.134473169316907
"camera","camera",0.131029094476632
"student","student",0.130246163553349
"stuck","stuck",0.126563283358362
"append","append",0.125978887550661
"teach","teach",0.125448148157967
"contact","contact",0.121697585243917
"prevent","prevent",0.120614253691549
"previou","previou",0.108334073792448
"welcom","welcom",0.106282215142081
"button","button",0.105352727687433
"learn","learn",0.104243598776377
"linux","linux",0.102701629228078
"repres","repres",0.102463515706561
"bio","bio",0.0933484561771472
"wrap","wrap",0.0904700778333127
"offer","offer",0.0897127605789028
"attend","attend",0.0892202789728786
"condit","condit",0.0889154208962579
"cost","cost",0.0850473724389626
"physic","physic",0.0840524247671516
"transfer","transfer",0.0789511231311996
"pay","pay",0.0767386694020059
"properti","properti",0.0743433993106421
"valuabl","valuabl",0.073893671429967
"confirm","confirm",0.0722069160597354
"constant","constant",0.0689486934203654
"setup","setup",0.0663872245165978
"tradit","tradit",0.0644538111145984
"convert","convert",0.0567960864275497
"resolv","resolv",0.0554032177324591
"usag","usag",0.0550927027970288
"cabl","cabl",0.0515620610966981
"terribl","terribl",0.0491301997219238
"perform","perform",0.0466211598640971
"tweet","tweet",0.0452117677541731
"structur","structur",0.0429226989905318
"reduc","reduc",0.0404233455204845
"otherwis","otherwis",0.036982617681292
"particular","particular",0.0361153100454358
"decent","decent",0.0327554618415682
"serious","serious",0.0304663683661237
"trigger","trigger",0.0283876227691585
"deep","deep",0.0281831061233713
"design","design",0.0266783574812307
"profession","profession",0.0259844284823466
"dedic","dedic",0.0251564463356261
"award","award",0.024867878774724
"local","local",0.0239578492920107
"trivial","trivial",0.0214030162048965
"reveal","reveal",0.0204596752155236
"compet","compet",0.0170399038711936
"relev","relev",0.0126230371453366
"complain","complain",0.0121373355285037
"core","core",0.0113937214205017
"popular","popular",0.0101142128563428
"unix","unix",0.00861648669580895
"vote","vote",0.00802229873048876
"brand","brand",0.00685473955978566
"signal","signal",0.00650145963017757
"key","key",0.0062706199707372
"cyber","cyber",0.0056752723645593
"crazi","crazi",0.00413362169969153
"count","count",0.000964747501718485
"past","past",-0.00285216057707328
"space","space",-0.00323854686712404
"contribut","contribut",-0.00697468457193071
"solid","solid",-0.00953232605556408
"posit","posit",-0.0116899691835215
"port","port",-0.013114482084969
"sit","sit",-0.014278097070059
"tree","tree",-0.0149615288509263
"dead","dead",-0.0162865496186789
"left","left",-0.016352003715331
"microsoft","microsoft",-0.0182201193772682
"respect","respect",-0.0268475363605625
"spread","spread",-0.0323384380548658
"situat","situat",-0.0376982445938533
"miss","miss",-0.041334359834924
"danger","danger",-0.042565511089956
"crack","crack",-0.0443265872174879
"month","month",-0.0463112140335201
"bar","bar",-0.0491202669084438
"link","link",-0.0492846276401157
"depend","depend",-0.0493666459459732
"russian","russian",-0.0503934864281039
"config","config",-0.0519983059637923
"crimin","crimin",-0.052560721452718
"statement","statement",-0.054218500202228
"describ","describ",-0.0544076274410945
"visibl","visibl",-0.0579575967137127
"sweep","sweep",-0.0597087218602659
"suck","suck",-0.0617285344954831
"unlik","unlik",-0.0621659291416258
"context","context",-0.0626729922889052
"crash","crash",-0.0627007504007383
"quot","quot",-0.0672504813541562
"shut","shut",-0.0691312987606298
"bitcoin","bitcoin",-0.0727625771281955
"chat","chat",-0.0767683596420847
"competit","competit",-0.0767805832871157
"corrupt","corrupt",-0.0827816380134159
"compat","compat",-0.0846365365053132
"stack","stack",-0.0850606815950687
"vlan","vlan",-0.0883573775422485
"malici","malici",-0.0884163150911873
"reset","reset",-0.0906670369774573
"wild","wild",-0.0945849547014177
"reach","reach",-0.0979290643107248
"convers","convers",-0.102261810971312
"difficult","difficult",-0.109030679042832
"deliv","deliv",-0.118072799656072
"restrict","restrict",-0.12172601629129
"stream","stream",-0.123659778926699
"page","page",-0.126672437651844
"suppli","suppli",-0.12742064442863
"cours","cours",-0.127602631444017
"desktop","desktop",-0.130068714042753
"least","least",-0.132952190854106
"detect","detect",-0.133687523970104
"determin","determin",-0.134101934893678
"pleas","pleas",-0.134606369260566
"clone","clone",-0.137622777573949
"demonstr","demonstr",-0.138050499410173
"detail","detail",-0.141040633283045
"default","default",-0.143827264868969
"cpu","cpu",-0.145533944474104
"root","root",-0.145937289179959
"wire","wire",-0.146516454683614
"unabl","unabl",-0.148784066834267
"stabl","stabl",-0.149768052370196
"slower","slower",-0.152129514959379
"deploy","deploy",-0.153872269356
"underli","underli",-0.154693278242238
"patch","patch",-0.158269496001307
"die","die",-0.160738852688166
"dark","dark",-0.164181617022514
"regist","regist",-0.166450872861067
"plan","plan",-0.167120644077309
"chip","chip",-0.169435404473539
"theoret","theoret",-0.169748098504044
"perhap","perhap",-0.169751661837276
"main","main",-0.17543990809207
"million","million",-0.177357798246822
"regardless","regardless",-0.178312330829427
"travel","travel",-0.180319990678249
"develop","develop",-0.180350673568024
"direct","direct",-0.180483212906636
"tune","tune",-0.185465481341383
"conflict","conflict",-0.185728761731844
"defend","defend",-0.186542486200119
"messag","messag",-0.191291729887417
"unnecessari","unnecessari",-0.19283087658304
"column","column",-0.194281876197469
"convinc","convinc",-0.194348834015902
"credenti","credenti",-0.195750563477303
"instal","instal",-0.197042493368253
"size","size",-0.197213682365496
"revers","revers",-0.199433590556597
"digit","digit",-0.199875206152887
"proper","proper",-0.201827528147865
"discuss","discuss",-0.202199503444687
"date","date",-0.205337981044443
"data","data",-0.205777463018932
"organ","organ",-0.207576931003423
"debian","debian",-0.209174938594943
"databas","databas",-0.211344727467288
"power","power",-0.211579802002664
"suit","suit",-0.21267669731638
"manag","manag",-0.213603204641009
"defin","defin",-0.213856379600745
"consol","consol",-0.21468475063504
"document","document",-0.215096581510804
"mention","mention",-0.215556300167912
"suffici","suffici",-0.216953028220533
"demand","demand",-0.222188550273522
"desir","desir",-0.223022375648453
"construct","construct",-0.224001248282982
"contest","contest",-0.224311319387766
"speed","speed",-0.224670118243752
"correspond","correspond",-0.231910783065145
"log","log",-0.23778963864465
"drop","drop",-0.244908975053082
"due","due",-0.245588468259052
"destroy","destroy",-0.245793757417124
"tab","tab",-0.245821790902173
"templat","templat",-0.2462257053373
"senior","senior",-0.247865125091631
"semant","semant",-0.248621856444931
"debug","debug",-0.250918940716932
"produc","produc",-0.251053324503377
"strang","strang",-0.251404635082671
"usa","usa",-0.2517769520344
"titl","titl",-0.25212254049632
"live","live",-0.254560929116385
"wikileak","wikileak",-0.255585691112286
"queri","queri",-0.2558016476824
"canada","canada",-0.256377132752848
"repli","repli",-0.256802061034043
"packag","packag",-0.258124888381778
"offici","offici",-0.26211410685104
"doubl","doubl",-0.264815438289422
"strongli","strongli",-0.270755670405275
"declar","declar",-0.273489437619853
"creativ","creativ",-0.276103800184224
"directli","directli",-0.276811201803556
"respond","respond",-0.278037618714445
"degre","degre",-0.278756059581889
"issu","issu",-0.27957083352986
"reliabl","reliabl",-0.279611636179835
"media","media",-0.280656472136411
"mostli","mostli",-0.282148397445208
"brilliant","brilliant",-0.285187871610997
"disagre","disagre",-0.286068435536109
"roll","roll",-0.288134640169749
"delet","delet",-0.290866602617047
"usabl","usabl",-0.29178103957293
"ssh","ssh",-0.296387087090325
"unlock","unlock",-0.296444349328591
"translat","translat",-0.30504972332846
"cryptograph","cryptograph",-0.306722436979651
"decrypt","decrypt",-0.309118437964615
"protocol","protocol",-0.309187583740097
"notic","notic",-0.310947028532393
"pin","pin",-0.313586852195295
"display","display",-0.315069314412688
"educ","educ",-0.316617504504301
"risk","risk",-0.318080668196647
"modifi","modifi",-0.318429418467468
"syntax","syntax",-0.318491247033186
"wall","wall",-0.320425626292513
"deserv","deserv",-0.321129054152521
"ran","ran",-0.324741987473303
"phone","phone",-0.326080786813378
"disabl","disabl",-0.327051417027782
"temporari","temporari",-0.327982173885528
"effect","effect",-0.331313325992971
"dumb","dumb",-0.332346544022483
"prove","prove",-0.336187190059296
"drive","drive",-0.337326426753147
"distribut","distribut",-0.339213941505741
"engag","engag",-0.339669992945714
"ship","ship",-0.346012603677125
"list","list",-0.348229772406377
"dollar","dollar",-0.350756577778392
"deriv","deriv",-0.355677572607102
"sysadmin","sysadmin",-0.363581995549003
"note","note",-0.364215637449425
"manual","manual",-0.365052160575736
"redirect","redirect",-0.36577759430137
"scale","scale",-0.368162279133797
"encount","encount",-0.371611674260597
"necessari","necessari",-0.372353926467443
"css","css",-0.376154793202704
"encourag","encourag",-0.37749905489838
"anniversari","anniversari",-0.378877844906313
"domain","domain",-0.380869461503291
"restor","restor",-0.384365301713945
"discov","discov",-0.388845482743947
"employ","employ",-0.39362693684196
"earn","earn",-0.397584306120066
"either","either",-0.398728728437895
"engin","engin",-0.398741725658796
"door","door",-0.404390146240235
"screw","screw",-0.404583665155961
"effici","effici",-0.407230840219893
"mobil","mobil",-0.407820763741182
"librari","librari",-0.412216093342717
"excel","excel",-0.414686497632523
"paramet","paramet",-0.415324658312184
"edit","edit",-0.416967919376792
"signatur","signatur",-0.425701028952851
"minut","minut",-0.429503955013335
"undefin","undefin",-0.430785073048707
"symbol","symbol",-0.431741542956327
"sync","sync",-0.434694069244679
"perfect","perfect",-0.436973203177315
"sampl","sampl",-0.437406977483482
"paid","paid",-0.437910244772347
"establish","establish",-0.439012003735211
"polic","polic",-0.44014951670206
"dual","dual",-0.444744349777439
"employe","employe",-0.444974130264165
"evil","evil",-0.44689704535981
"serial","serial",-0.449060418078848
"easili","easili",-0.451297739588142
"disclos","disclos",-0.456774681358381
"recogn","recogn",-0.458589684820398
"excit","excit",-0.460044181228634
"disk","disk",-0.462055139718426
"repositori","repositori",-0.464121623730032
"essenti","essenti",-0.464654054830072
"ethic","ethic",-0.465357042320497
"electron","electron",-0.46619269497116
"pro","pro",-0.466649573398395
"previous","previous",-0.468262983799298
"download","download",-0.47075364148522
"pentest","pentest",-0.472938418062717
"devic","devic",-0.473166728152745
"pair","pair",-0.474536118897457
"distro","distro",-0.481502823503668
"major","major",-0.482485022238782
"subscrib","subscrib",-0.487125756532414
"interest","interest",-0.488749139591565
"modern","modern",-0.490869216979935
"equival","equival",-0.491362191518948
"rais","rais",-0.491548825836279
"obtain","obtain",-0.492153862882415
"shell","shell",-0.492174103754522
"dynam","dynam",-0.492696642776825
"scenario","scenario",-0.493522667671718
"experienc","experienc",-0.493777184981283
"embed","embed",-0.496056770497852
"primari","primari",-0.497071414983389
"dictionari","dictionari",-0.497436976697064
"directori","directori",-0.499911974645119
"pattern","pattern",-0.505887973894233
"raw","raw",-0.506455255461035
"differ","differ",-0.507578409339944
"especi","especi",-0.50775646298353
"enterpris","enterpris",-0.510446616918206
"struggl","struggl",-0.51096109719644
"exclus","exclus",-0.511175435444635
"donat","donat",-0.51177754909548
"split","split",-0.511876107373605
"event","event",-0.512806440445262
"experi","experi",-0.519933312223025
"evalu","evalu",-0.520047404710298
"environ","environ",-0.522542738522308
"load","load",-0.522916385896699
"platform","platform",-0.524718456344454
"expand","expand",-0.527873970970465
"polit","polit",-0.530236969993236
"skip","skip",-0.534217758783098
"occur","occur",-0.536135195442393
"round","round",-0.537131540806969
"render","render",-0.537636986461137
"empti","empti",-0.54016533739166
"lock","lock",-0.542464582858114
"expens","expens",-0.543838276123402
"nation","nation",-0.54666671573198
"strict","strict",-0.546793552470258
"exampl","exampl",-0.551546165341095
"duplic","duplic",-0.552674488439977
"programm","programm",-0.559678491773497
"repeat.","repeat.",-0.560918610010563
"wear","wear",-0.565706197279992
"explor","explor",-0.565753238095573
"proxi","proxi",-0.569398867327239
"echo","echo",-0.569959389143315
"fight","fight",-0.570457158517411
"exact","exact",-0.571349276373092
"exam","exam",-0.571497315245163
"ugli","ugli",-0.574374424482939
"entir","entir",-0.575588679730298
"enabl","enabl",-0.576245773582667
"retriev","retriev",-0.577732659722261
"fall","fall",-0.5782490166174
"equal","equal",-0.578361207727747
"feed","feed",-0.580277234099045
"tough","tough",-0.580675784956448
"hacker","hacker",-0.582066738206518
"escap","escap",-0.582878342259202
"theme","theme",-0.584263462112588
"expert","expert",-0.585404942878234
"fair","fair",-0.587221237138076
"outsid","outsid",-0.587313444318876
"resid","resid",-0.590196629420225
"familiar","familiar",-0.591187926226238
"hack","hack",-0.591552854177996
"phish","phish",-0.597443970629989
"extrem","extrem",-0.597587628754004
"eleg","eleg",-0.600795878079021
"limit","limit",-0.603132027356227
"sponsor","sponsor",-0.610629938547757
"permiss","permiss",-0.61374852445107
"session","session",-0.613752867925451
"profil","profil",-0.616304944856715
"folk","folk",-0.620927203518063
"recov","recov",-0.6213688536996
"dvd","dvd",-0.622996714185903
"prepar","prepar",-0.625563198870548
"error","error",-0.6282741471946
"restart","restart",-0.629962531387185
"vip","vip",-0.63241455996217
"proprietari","proprietari",-0.635045108282673
"extend","extend",-0.635112525997185
"machin","machin",-0.635314517266163
"obviou","obviou",-0.635327842295231
"intern","intern",-0.642935275575502
"express","express",-0.643120351449212
"silli","silli",-0.643329901078258
"print","print",-0.645031407621286
"stori","stori",-0.645244974889486
"prior","prior",-0.645751730353259
"rid","rid",-0.646871903806505
"scope","scope",-0.647702637266427
"extens","extens",-0.649726225983632
"privileg","privileg",-0.652101740109888
"protest","protest",-0.653570830496644
"figur","figur",-0.655389606587919
"focu","focu",-0.655910239087658
"entri","entri",-0.657915317840742
"match","match",-0.658791766871423
"file","file",-0.659390007361298
"explicit","explicit",-0.667990323961792
"fedora","fedora",-0.670733305007075
"flat","flat",-0.670750687608777
"pure","pure",-0.672615310715277
"perfectli","perfectli",-0.672974173222303
"explain","explain",-0.675849518362747
"poor","poor",-0.677227139833422
"februari","februari",-0.678098491011988
"purchas","purchas",-0.678450282937129
"publicli","publicli",-0.681983869657782
"pars","pars",-0.687879392837595
"ebook","ebook",-0.688337486108278
"extra","extra",-0.689287813758798
"forev","forev",-0.690029470452191
"implement","implement",-0.693143213885496
"fbi","fbi",-0.693607619584918
"member","member",-0.694132349284765
"feder","feder",-0.695992982808643
"former","former",-0.698667538938084
"front","front",-0.700376537590448
"laptop","laptop",-0.70162059712278
"exactli","exactli",-0.703291121390156
"path","path",-0.705103986439594
"dump","dump",-0.705679963289458
"particularli","particularli",-0.70616169093088
"referenc","referenc",-0.708521298407247
"packet","packet",-0.71024594908233
"flag","flag",-0.711860821989167
"fill","fill",-0.713197035692891
"fals","fals",-0.714069776088477
"defac","defac",-0.714519405175663
"expos","expos",-0.715372244548732
"screenshot","screenshot",-0.716466881699325
"pointer","pointer",-0.716724062568109
"fun","fun",-0.719201330763907
"fake","fake",-0.720673912120803
"upcom","upcom",-0.721510066331684
"hang","hang",-0.722333761872562
"refus","refus",-0.725327979421147
"reader","reader",-0.726916277402406
"optim","optim",-0.727807543418906
"foreign","foreign",-0.727861005384663
"extern","extern",-0.728866362984535
"encod","encod",-0.72970125499495
"prompt","prompt",-0.732361366101806
"tire","tire",-0.733046924191815
"flexibl","flexibl",-0.733344486394835
"import","import",-0.733946460904449
"own","own",-0.734555507412508
"gener","gener",-0.736681844732445
"ridicul","ridicul",-0.7389544494884
"flash","flash",-0.739643049372367
"wow","wow",-0.740797122815797
"festiv","festiv",-0.742201558394302
"fairli","fairli",-0.742666245020613
"nativ","nativ",-0.742971608691938
"extract","extract",-0.747186782953857
"focus","focus",-0.750533183528964
"reflect","reflect",-0.751414505363376
"nearli","nearli",-0.752540693570869
"line","line",-0.755899504139792
"explicitli","explicitli",-0.758080717993846
"photo","photo",-0.75890500347626
"surviv","surviv",-0.761888043806249
"finish","finish",-0.762872598102911
"fund","fund",-0.765085638564512
"net","net",-0.765248463939793
"giant","giant",-0.766109284473115
"polici","polici",-0.76723647852993
"goal","goal",-0.77021253589099
"west","west",-0.772489193825073
"matter","matter",-0.774583294978156
"flask","flask",-0.774667264550288
"financi","financi",-0.776866264105019
"facebook","facebook",-0.780580810546037
"funni","funni",-0.785609067688716
"filter","filter",-0.787453680879065
"readabl","readabl",-0.787908991401413
"forum","forum",-0.788503932937577
"randomli","randomli",-0.79043565431808
"hate","hate",-0.790596816547672
"fresh","fresh",-0.790890020036742
"font","font",-0.793212594672268
"element","element",-0.794966538571362
"github","github",-0.795189403925972
"frequent","frequent",-0.795816666217845
"reboot","reboot",-0.796235278200162
"maintain","maintain",-0.796321351737708
"monitor","monitor",-0.796743637732749
"gather","gather",-0.805140658427096
"overal","overal",-0.808629061056851
"liter","liter",-0.81030978136015
"field","field",-0.815950953870284
"model","model",-0.817483830634303
"propos","propos",-0.817637087582414
"grand","grand",-0.818069075024807
"malwar","malwar",-0.81910064345436
"guarante","guarante",-0.821683848061923
"order","order",-0.826087486457052
"massiv","massiv",-0.826889346493886
"horribl","horribl",-0.826947729499097
"map","map",-0.828304403637928
"natur","natur",-0.828950108681657
"grant","grant",-0.832589255466518
"pen","pen",-0.833735006489244
"framework","framework",-0.834795399029954
"gmail","gmail",-0.836610371502089
"lead","lead",-0.839077186348724
"gear","gear",-0.839084841164305
"promis","promis",-0.841654540411589
"flaw","flaw",-0.845502188482755
"spot","spot",-0.84678305766949
"float","float",-0.847049081292378
"involv","involv",-0.851473353010896
"null","null",-0.851787312294027
"fundament","fundament",-0.852090109647179
"hook","hook",-0.852492840866572
"ram","ram",-0.853433596246358
"legal","legal",-0.85495795516019
"plug","plug",-0.855287773213085
"hard","hard",-0.856849956714548
"honest","honest",-0.864552558396047
"fail","fail",-0.866084885818882
"logic","logic",-0.86697717717753
"pictur","pictur",-0.867285548738491
"forc","forc",-0.86804411892971
"free","free",-0.868838661305043
"shot","shot",-0.869031953132202
"modul","modul",-0.871658137708275
"necessarili","necessarili",-0.87415270135164
"locat","locat",-0.876304472330804
"firefox","firefox",-0.876544578682201
"headphon","headphon",-0.876694834174341
"promot","promot",-0.876764494343799
"loop","loop",-0.879773947135334
"rich","rich",-0.886868102944294
"fuck","fuck",-0.887065311291904
"forward","forward",-0.889079330223593
"qualifi","qualifi",-0.89349124865466
"ring","ring",-0.894131349633889
"final","final",-0.897542101189523
"plugin","plugin",-0.900787919383354
"firewal","firewal",-0.904395847522452
"soft","soft",-0.908410181807653
"pack","pack",-0.908559700267975
"hardwar","hardwar",-0.909403226381897
"impact","impact",-0.911782742013824
"impress","impress",-0.912471700086292
"prime","prime",-0.918804442814784
"pop","pop",-0.918974354960148
"nsa","nsa",-0.919884083965551
"exist","exist",-0.923765315007987
"languag","languag",-0.925182597630688
"harder","harder",-0.926821665681168
"grab","grab",-0.928557206631636
"merg","merg",-0.928897390212426
"inspir","inspir",-0.929259632348782
"plenti","plenti",-0.929564007512878
"impli","impli",-0.930574013389453
"recurs","recurs",-0.933665045501309
"score","score",-0.93370297476301
"icon","icon",-0.934125728150366
"form","form",-0.935503745774538
"handl","handl",-0.936972471235454
"militari","militari",-0.937385688579592
"indian","indian",-0.94576835067578
"gnome","gnome",-0.949072444031194
"internet","internet",-0.949112351883746
"login","login",-0.952143012120189
"imagin","imagin",-0.952590372921875
"inherit","inherit",-0.953205551799986
"hamper","hamper",-0.953213300047985
"execut","execut",-0.955930555971839
"git","git",-0.957796706486988
"remind","remind",-0.958459684830565
"fulli","fulli",-0.961106309092741
"interview","interview",-0.965731420202987
"graphic","graphic",-0.96724622910099
"function.","function.",-0.967751715976977
"ideal","ideal",-0.968079910373972
"group","group",-0.969347117784403
"futur","futur",-0.970672998561592
"ident","ident",-0.972042815308779
"parent","parent",-0.973022130916222
"featur","featur",-0.977449377842797
"infosec","infosec",-0.982412438266863
"press","press",-0.98790503699676
"numer","numer",-0.988199940896518
"gain","gain",-0.988218078644582
"node","node",-0.991041679649909
"oscp","oscp",-0.992159592592673
"sock","sock",-0.993384447273555
"lazi","lazi",-0.993736986337165
"level","level",-1.00081288169815
"header","header",-1.00171050469623
"kick","kick",-1.00532175019218
"govern","govern",-1.00635626135955
"mac","mac",-1.0068550296042
"jump","jump",-1.0073977260916
"php","php",-1.00848357257216
"visa","visa",-1.00969470999843
"offic","offic",-1.01067332858205
"master","master",-1.01427603692498
"infect","infect",-1.01474438796468
"kernel","kernel",-1.01918140275402
"predict","predict",-1.02166239627014
"email","email",-1.02212917972702
"enter","enter",-1.02584034757485
"snap","snap",-1.0260844810579
"invest","invest",-1.02633444819643
"januari","januari",-1.02774669732031
"join","join",-1.03114596637047
"nest","nest",-1.03363846471001
"invit","invit",-1.03610881654797
"exploit","exploit",-1.03815122511287
"partial","partial",-1.03984559424137
"luck","luck",-1.04051398833045
"index","index",-1.04310271757075
"odd","odd",-1.04387283080153
"minor","minor",-1.0501321193643
"persist","persist",-1.05089685781709
"hide","hide",-1.05232296026908
"hash","hash",-1.05398443641861
"nail","nail",-1.05595560846448
"hire","hire",-1.05937939102626
"find","find",-1.05947965366469
"iphon","iphon",-1.06286121704253
"initi","initi",-1.06425198517095
"label","label",-1.0666330274301
"inform","inform",-1.06839930187613
"refresh","refresh",-1.06891017980765
"kde","kde",-1.07376063498529
"independ","independ",-1.07419262251854
"hand","hand",-1.07832341013987
"paypal","paypal",-1.08253760294388
"huge","huge",-1.08323993414299
"integ","integ",-1.08668846481269
"invalid","invalid",-1.08760915653401
"offlin","offlin",-1.09559516686245
"insid","insid",-1.09577479969825
"player","player",-1.09915043573663
"mistak","mistak",-1.1003072739014
"measur","measur",-1.10480430293056
"neg","neg",-1.1049631709162
"plain","plain",-1.10508005325657
"itun","itun",-1.10832464554303
"launch","launch",-1.10946612761818
"invok","invok",-1.10948335439207
"idea","idea",-1.11168754088547
"ipad","ipad",-1.11461591922793
"oppos","oppos",-1.11472661458443
"mess","mess",-1.11655926659425
"insert","insert",-1.11780194556649
"host","host",-1.11797430656524
"letter","letter",-1.11952586693836
"full","full",-1.12171866857719
"individu","individu",-1.12184667552529
"middl","middl",-1.12280266320142
"pain","pain",-1.12346566774725
"lower","lower",-1.12348076329823
"imag","imag",-1.12360184064489
"mainli","mainli",-1.12606781079605
"kit","kit",-1.13016529840684
"human","human",-1.13196355754413
"length","length",-1.1348613072299
"friend","friend",-1.13555315222167
"html","html",-1.13656548399101
"job","job",-1.13658074935524
"interpret","interpret",-1.14050178811758
"intent","intent",-1.14661823133864
"meet","meet",-1.14675009171867
"hidden","hidden",-1.14740016244336
"global","global",-1.14801168838744
"isp","isp",-1.15582181244477
"forens","forens",-1.15594943126114
"mark","mark",-1.159750742433
"licens","licens",-1.16055568311107
"kali","kali",-1.16215537669551
"interfac","interfac",-1.163461596786
"format","format",-1.16636703033045
"hope","hope",-1.16686469794722
"notifi","notifi",-1.16931031436646
"layer","layer",-1.17144779008041
"illeg","illeg",-1.17366392701075
"inject","inject",-1.17374069789843
"kind","kind",-1.17787904032271
"maximum","maximum",-1.17825845747464
"rose","rose",-1.17887685406267
"opposit","opposit",-1.18137809679608
"minim","minim",-1.18166739587614
"lab","lab",-1.1832140021319
"folder","folder",-1.18325008101313
"high","high",-1.18421538678907
"instagram","instagram",-1.18726024646104
"encrypt","encrypt",-1.19009414628113
"item","item",-1.19143362702285
"ping","ping",-1.19196463892725
"indic","indic",-1.19282447468111
"fix","fix",-1.19357101030829
"integr","integr",-1.19417106539511
"novel","novel",-1.19713074093444
"improv","improv",-1.19719593979624
"identifi","identifi",-1.20009497570198
"mere","mere",-1.20243081317824
"instanc","instanc",-1.20789257248652
"interact","interact",-1.21097306218656
"kindl","kindl",-1.21570398651742
"googl","googl",-1.22035706134725
"manufactur","manufactur",-1.22244090359028
"recip","recip",-1.22847819221539
"java","java",-1.23059451598078
"introduc","introduc",-1.23281701469882
"input","input",-1.23450601695702
"game","game",-1.23523865837697
"law","law",-1.23828181258547
"london","london",-1.23980537595986
"outdat","outdat",-1.23988065545198
"minimum","minimum",-1.2480623793848
"iter","iter",-1.25086995496066
"imposs","imposs",-1.25155151209728
"materi","materi",-1.25271294471237
"memori","memori",-1.25442756099206
"legitim","legitim",-1.25449315211436
"mode","mode",-1.25491889898124
"race","race",-1.25733348243642
"instruct","instruct",-1.25799443284755
"market","market",-1.26491055733383
"lack","lack",-1.27190077936734
"info","info",-1.27322991572607
"hit","hit",-1.27661366695414
"javascript","javascript",-1.27756824945245
"immedi","immedi",-1.27933246853657
"ignor","ignor",-1.28801564067305
"kill","kill",-1.2890327675528
"intend","intend",-1.2892102383129
"magic","magic",-1.28945142238929
