"","tdif","terms"
"http",9.75011008808458,"http"
"enter",8.5994524783967,"enter"
"run",6.09957098456576,"run"
"data",5.82830141646805,"data"
"free",5.79233901719013,"free"
"find",5.13175229584623,"find"
"window",4.94009217368728,"window"
"actual",4.80349016344094,"actual"
"differ",4.63781184373739,"differ"
"file",4.62825971978016,"file"
"user",4.62641483608401,"user"
"mani",4.32892902738319,"mani"
"call",4.04081182952111,"call"
"prize",3.9694906658208,"prize"
"back",3.94476806001075,"back"
"ticket",3.62115518039476,"ticket"
"open",3.6140022153868,"open"
"chang",3.52320350837643,"chang"
"read",3.4027535568,"read"
"creat",3.19198646509629,"creat"
"start",3.13648307678433,"start"
"probabl",3.05202958240892,"probabl"
"gener",2.99781727543605,"gener"
"check",2.96926636455548,"check"
"pretti",2.91637011559996,"pretti"
"updat",2.91443876250268,"updat"
"key",2.89051821474206,"key"
"object",2.79408708920737,"object"
"possibl",2.7485130481422,"possibl"
"put",2.73612547492886,"put"
"allow",2.71458236039167,"allow"
"instal",2.53043912447482,"instal"
"long",2.51660626167859,"long"
"requir",2.48710760815426,"requir"
"server",2.46441375003594,"server"
"learn",2.40702794431124,"learn"
"simpli",2.34420826655332,"simpli"
"left",2.30375509234693,"left"
"provid",2.26582573220126,"provid"
"write",2.25515505431166,"write"
"basic",2.23566544184191,"basic"
"detail",2.15349516731451,"detail"
"test",2.13626443682367,"test"
"complet",2.01694217241391,"complet"
"base",1.93483086347858,"base"
"full",1.92665569312634,"full"
"live",1.88821386993396,"live"
"least",1.88499890344252,"least"
"second",1.87295496487387,"second"
"attack",1.86293570353244,"attack"
"close",1.84875591568165,"close"
"variabl",1.84300223274706,"variabl"
"email",1.82955936215359,"email"
"link",1.81250231003028,"link"
"interest",1.80715594417738,"interest"
"name",1.78154639289623,"name"
"hard",1.76081849007484,"hard"
"string",1.7595651842192,"string"
"hack",1.74411893315482,"hack"
"remov",1.73962575303645,"remov"
"websit",1.72441687569603,"websit"
"send",1.723959286897,"send"
"local",1.72021722204274,"local"
"depend",1.70130312794807,"depend"
"simpl",1.69128535359465,"simpl"
"type",1.68934678234752,"type"
"understand",1.68386257020109,"understand"
"issu",1.68188473966412,"issu"
"final",1.68017431475358,"final"
"real",1.67531420146254,"real"
"singl",1.63683233726945,"singl"
"time",1.60480163435419,"time"
"linux",1.58963386792119,"linux"
"method",1.58004414449648,"method"
"tool",1.57388860237403,"tool"
"contain",1.57292376774769,"contain"
"sign",1.56550602428862,"sign"
"person",1.54835254098011,"person"
"miss",1.50072693075253,"miss"
"exist",1.50046263821979,"exist"
"point",1.48009804971772,"point"
"return",1.41279251763066,"return"
"function.",1.41265311991802,"function."
"usual",1.40062255167824,"usual"
"consid",1.35710260606994,"consid"
"password",1.34895742879019,"password"
"origin",1.33746346273534,"origin"
"retweet",1.32750712983861,"retweet"
"devic",1.32736802241572,"devic"
"friend",1.30042217882454,"friend"
"app",1.29912924626632,"app"
"similar",1.29553729138389,"similar"
"true",1.29202566691187,"true"
"avail",1.28525005951252,"avail"
"connect",1.28081782829276,"connect"
"system",1.26774567774776,"system"
"fix",1.26422325883553,"fix"
"quit",1.24465424258072,"quit"
"top",1.24134362815882,"top"
"post",1.21186937975159,"post"
"save",1.20374977999313,"save"
"valu",1.187314288685,"valu"
"pass",1.18501771401821,"pass"
"code",1.17237055593426,"code"
"exactli",1.16989103778221,"exactli"
"result",1.15552355268739,"result"
"public",1.14992224134454,"public"
"implement",1.12265663637906,"implement"
"suggest",1.12044967907206,"suggest"
"talk",1.11130627203037,"talk"
"recent",1.10626368433739,"recent"
"import",1.10313188951016,"import"
"multipl",1.09957223982681,"multipl"
"winner",1.09471575863751,"winner"
"rememb",1.09365560658724,"rememb"
"account",1.08994133113667,"account"
"leak",1.08733720019933,"leak"
"other",1.08732380928336,"other"
"support",1.08674893644529,"support"
"appli",1.06259450562765,"appli"
"switch",1.05758526005095,"switch"
"stop",1.04264091248053,"stop"
"develop",1.04057126023992,"develop"
"almost",1.03910445109725,"almost"
"build",1.03727733023294,"build"
"recommend",1.014474836249,"recommend"
"store",1.00740684349511,"store"
"oper",0.985796192639427,"oper"
"copi",0.979933773259135,"copi"
"entir",0.973542861750534,"entir"
"featur",0.966993117290187,"featur"
"game",0.96376890031639,"game"
"intern",0.950556580945098,"intern"
"correct",0.9474612497633,"correct"
"answer",0.942412002014046,"answer"
"definit",0.934049002103096,"definit"
"delet",0.920232874872164,"delet"
"site",0.910747327402891,"site"
"handl",0.903057464987684,"handl"
"assum",0.89179438138162,"assum"
"hope",0.889030555501362,"hope"
"encrypt",0.884910378930013,"encrypt"
"anonym",0.881765091529684,"anonym"
"fail",0.879182996442951,"fail"
"bit",0.87699973341566,"bit"
"mention",0.864459482593027,"mention"
"case",0.856518141634596,"case"
"list",0.843759809847863,"list"
"servic",0.843738524083938,"servic"
"product",0.835316942890254,"product"
"privat",0.817559270700749,"privat"
"special",0.811671121699829,"special"
"high",0.808964260918637,"high"
"readi",0.799873132456364,"readi"
"clear",0.797733941999386,"clear"
"sever",0.794377298580182,"sever"
"execut",0.781372818473656,"execut"
"program",0.776112076682922,"program"
"option",0.769920644914807,"option"
"main",0.76326003445658,"main"
"script",0.762946247172896,"script"
"number",0.753342506006313,"number"
"log",0.751814028904683,"log"
"microsoft",0.74876909574762,"microsoft"
"click",0.742376547333147,"click"
"common",0.740504390385291,"common"
"problem",0.738705131294584,"problem"
"remot",0.729894439259619,"remot"
"librari",0.727723150029807,"librari"
"total",0.726412905031774,"total"
"hit",0.726173303986575,"hit"
"browser",0.711233497351297,"browser"
"exploit",0.708473538067563,"exploit"
"share",0.70718749905402,"share"
"comput",0.705158053781435,"comput"
"address",0.698451547659052,"address"
"card",0.685192126971679,"card"
"hacker",0.684114375356587,"hacker"
"replac",0.683268013109586,"replac"
"android",0.674690118952123,"android"
"especi",0.664888938525396,"especi"
"month",0.664334083814435,"month"
"compani",0.659619721180432,"compani"
"standard",0.648992872738101,"standard"
"comment",0.637751075337928,"comment"
"announc",0.620788064841645,"announc"
"sound",0.620502707541305,"sound"
"element",0.612132029657326,"element"
"explain",0.607926622092362,"explain"
"reason",0.606672851485076,"reason"
"appear",0.599390660705588,"appear"
"huge",0.597950929365102,"huge"
"voucher",0.593465874681651,"voucher"
"manag",0.58982836276952,"manag"
"lock",0.582096646794336,"lock"
"easili",0.578489851940114,"easili"
"break.",0.578098640275373,"break."
"question",0.577365172380742,"question"
"contest",0.576985120525622,"contest"
"applic",0.575690435793709,"applic"
"activ",0.566490951849462,"activ"
"googl",0.564210378202577,"googl"
"pleas",0.564025553849217,"pleas"
"due",0.563751456259293,"due"
"refer",0.54911531459008,"refer"
"directli",0.548930513033115,"directli"
"network",0.546946677662904,"network"
"relat",0.543484918859826,"relat"
"safe",0.543413051027169,"safe"
"separ",0.542601459489205,"separ"
"select",0.540031182507268,"select"
"buy",0.534836336023033,"buy"
"vulner",0.532244465197431,"vulner"
"limit",0.525994472217239,"limit"
"charact",0.521900742347905,"charact"
"git",0.518744737270789,"git"
"minut",0.518407440377076,"minut"
"defin",0.515727940296398,"defin"
"releas",0.51530838489691,"releas"
"static",0.507951722887972,"static"
"rule",0.501399744051661,"rule"
"version",0.499081361671454,"version"
"extra",0.49744438546915,"extra"
"command",0.496016428498425,"command"
"host",0.49590933406384,"host"
"offer",0.479684960825939,"offer"
"laptop",0.476179798871281,"laptop"
"design",0.475511504915905,"design"
"custom",0.465586351163096,"custom"
"web",0.460646674500342,"web"
"technic",0.44858852151599,"technic"
"prefer",0.437934102887489,"prefer"
"line",0.437046216155558,"line"
"compar",0.422423208521607,"compar"
"load",0.419587250983413,"load"
"thread",0.413570871917672,"thread"
"request",0.398549282192173,"request"
"stay",0.365168703727716,"stay"
"certain",0.358474603130008,"certain"
"download",0.354539623920939,"download"
"receiv",0.354137823117823,"receiv"
"place",0.353330740431971,"place"
"million",0.350184530182572,"million"
"project",0.349963078169609,"project"
"messag",0.348763500279697,"messag"
"perfect",0.341908961880567,"perfect"
"automat",0.34101226828769,"automat"
"solv",0.336228126113405,"solv"
"state",0.333057120781322,"state"
"onlin",0.332885085154917,"onlin"
"otherwis",0.330064665696236,"otherwis"
"tag",0.329407740055936,"tag"
"media",0.326825496552737,"media"
"involv",0.324680439405877,"involv"
"fuck",0.323219802449242,"fuck"
"drive",0.321471322116259,"drive"
"target",0.313096334641002,"target"
"pair",0.310106713745295,"pair"
"error",0.305043210876267,"error"
"cool",0.301243245303867,"cool"
"join",0.300216524827029,"join"
"valid",0.292425689528454,"valid"
"decid",0.286890684195541,"decid"
"doubl",0.282886030626536,"doubl"
"content",0.278333788840006,"content"
"digit",0.273139220258058,"digit"
"disabl",0.271935302472829,"disabl"
"protect",0.271668794261999,"protect"
"solut",0.270272668992882,"solut"
"block",0.265005052028988,"block"
"entri",0.264522026436113,"entri"
"addit",0.263528735669648,"addit"
"excit",0.259479783576003,"excit"
"commit",0.255808179869963,"commit"
"social",0.253021514008763,"social"
"url",0.252834267696336,"url"
"initi",0.249362786023761,"initi"
"manual",0.246498916097448,"manual"
"random",0.246275979797593,"random"
"report",0.24001204889432,"report"
"major",0.237005550473333,"major"
"enabl",0.233560455845404,"enabl"
"search",0.232056528936662,"search"
"care",0.23156522305183,"care"
"clean",0.231240704343953,"clean"
"resourc",0.225788784573098,"resourc"
"facebook",0.215921349807298,"facebook"
"offici",0.214892090470982,"offici"
"notic",0.214578910684548,"notic"
"pay",0.214549065011883,"pay"
"wait",0.214445149025547,"wait"
"virtual",0.212863867171784,"virtual"
"team",0.209811832796103,"team"
"hash",0.20879850121091,"hash"
"quick",0.20610128856348,"quick"
"organ",0.201886482399947,"organ"
"note",0.198494580253611,"note"
"global",0.196596135102533,"global"
"altern",0.176730587270386,"altern"
"liter",0.176572070034383,"liter"
"video",0.175898352410516,"video"
"present",0.175470664609105,"present"
"compil",0.174418550765885,"compil"
"forward",0.174229908652369,"forward"
"python",0.170946095413767,"python"
"usb",0.166312256430039,"usb"
"super",0.159042185665123,"super"
"text",0.152760421386108,"text"
"quot",0.151031602724159,"quot"
"pin",0.149994851797207,"pin"
"mostli",0.143595932199388,"mostli"
"affect",0.142187565295345,"affect"
"secret",0.135309182257331,"secret"
"modifi",0.131438906101152,"modifi"
"malici",0.130633871932163,"malici"
"suppos",0.127570152987833,"suppos"
"practic",0.124198120245631,"practic"
"particular",0.121265672900332,"particular"
"lead",0.120437487546951,"lead"
"potenti",0.115873587082675,"potenti"
"control",0.111171445399667,"control"
"forens",0.103939881780498,"forens"
"page",0.103804304923709,"page"
"step",0.103448258362226,"step"
"array",0.102541244767531,"array"
"effect",0.0972804472800491,"effect"
"access",0.0969349299496394,"access"
"finish",0.0951877812233024,"finish"
"match",0.0938516610802589,"match"
"imag",0.0929769195842188,"imag"
"physic",0.0877840128215248,"physic"
"improv",0.0877245403124051,"improv"
"research",0.0866899342993979,"research"
"perform",0.0820525305206433,"perform"
"pull",0.0682036977116073,"pull"
"direct",0.0643561648854994,"direct"
"shit",0.0627346027226215,"shit"
"accord",0.0592115770788851,"accord"
"mobil",0.0585489173037009,"mobil"
"edit",0.0573807818677778,"edit"
"argument",0.0556861793528434,"argument"
"cover",0.0543049006847359,"cover"
"ubuntu",0.0499222504221506,"ubuntu"
"upgrad",0.0478242307667391,"upgrad"
"previou",0.0450366806887744,"previou"
"purpos",0.0428114349341125,"purpos"
"format",0.0390391168473435,"format"
"built",0.0376871892713489,"built"
"difficult",0.037351317454938,"difficult"
"process",0.0372946373830881,"process"
"necessari",0.0361346600018852,"necessari"
"term",0.0326295324117877,"term"
"push",0.0319469861594591,"push"
"skill",0.031005049358195,"skill"
"secur",0.030407273597743,"secur"
"port",0.0303097294399056,"port"
"perhap",0.0290148305603269,"perhap"
"scan",0.0287543537284782,"scan"
"record",0.0266765399310042,"record"
"deal",0.0226588440907014,"deal"
"bug",0.0211507139083367,"bug"
"sent",0.0209639692328407,"sent"
"correctli",0.0191399216154345,"correctli"
"document",0.0173844087998376,"document"
"hand",0.0159555023692769,"hand"
"typic",0.0150917018783441,"typic"
"forc",0.00950648952241341,"forc"
"cert",0.00842808335363225,"cert"
"identifi",0.00591248995831492,"identifi"
"plan",0.0035405743015181,"plan"
"tip",0.00296783360720052,"tip"
"slow",0.00220110993325288,"slow"
"popular",0.000433022843418259,"popular"
"machin",-0.000721359799407659,"machin"
"collect",-0.00151092492178371,"collect"
"unfortun",-0.00444080712761581,"unfortun"
"essenti",-0.00584802123653632,"essenti"
"describ",-0.011757177812149,"describ"
"success",-0.0126199378481383,"success"
"client",-0.0166248755198528,"client"
"sweep",-0.0194015195929882,"sweep"
"ultim",-0.0200995937231359,"ultim"
"stand",-0.0237008246074622,"stand"
"box",-0.0238913717232832,"box"
"regular",-0.0256115580051167,"regular"
"track",-0.0264295043542523,"track"
"info",-0.0284829743412877,"info"
"posit",-0.029000457235805,"posit"
"internet",-0.030676623641659,"internet"
"past",-0.0309971956551555,"past"
"rout",-0.0355146654226008,"rout"
"discov",-0.0359416996331545,"discov"
"fals",-0.0408843669483454,"fals"
"attempt",-0.0416459019734467,"attempt"
"configur",-0.0438086849118077,"configur"
"futur",-0.0444033758771021,"futur"
"tweet",-0.0463406005668988,"tweet"
"properli",-0.0517420055250392,"properli"
"packag",-0.0570219185850333,"packag"
"confus",-0.0588952106470917,"confus"
"modern",-0.0616480032781683,"modern"
"binari",-0.0624700240154921,"binari"
"sort",-0.0627837590814062,"sort"
"patch",-0.0644119481505687,"patch"
"properti",-0.0686242072005305,"properti"
"amazon",-0.0738931334206945,"amazon"
"warn",-0.0795522633320472,"warn"
"figur",-0.0805659114637868,"figur"
"ignor",-0.0833081965816782,"ignor"
"stuff",-0.0856481912166311,"stuff"
"bundl",-0.0882253502387138,"bundl"
"uniqu",-0.0910409965406172,"uniqu"
"exampl",-0.0945932514377552,"exampl"
"compromis",-0.0974423829689328,"compromis"
"paid",-0.0991060723088776,"paid"
"branch",-0.102501075397531,"branch"
"extern",-0.105729186369444,"extern"
"natur",-0.110993885968741,"natur"
"launch",-0.112021847632489,"launch"
"screen",-0.112033327128417,"screen"
"empti",-0.113009094927755,"empti"
"critic",-0.115136296282004,"critic"
"upload",-0.117776792315285,"upload"
"kernel",-0.120989917776791,"kernel"
"legal",-0.121037801909093,"legal"
"individu",-0.121614020264717,"individu"
"detect",-0.124547781500751,"detect"
"fulli",-0.126565393823998,"fulli"
"view",-0.126571266829937,"view"
"immedi",-0.127009477805207,"immedi"
"paramet",-0.128387981408959,"paramet"
"reach",-0.129176283098041,"reach"
"publish",-0.1294354443715,"publish"
"kill",-0.135480976825051,"kill"
"nation",-0.136977307994916,"nation"
"advanc",-0.139392413551563,"advanc"
"cyber",-0.144030491661004,"cyber"
"languag",-0.14833927750959,"languag"
"drop",-0.149684806088257,"drop"
"respons",-0.149811298461747,"respons"
"russian",-0.150828760235126,"russian"
"loop",-0.152223863816955,"loop"
"produc",-0.152711872179002,"produc"
"author",-0.153647735504965,"author"
"extrem",-0.156998239301726,"extrem"
"complex",-0.161155362063722,"complex"
"item",-0.162664866376617,"item"
"exact",-0.163498856075952,"exact"
"regard",-0.164182015863871,"regard"
"prevent",-0.167036415949051,"prevent"
"exclus",-0.167272092805626,"exclus"
"member",-0.167732594711898,"member"
"human",-0.171090475144168,"human"
"expos",-0.172340096664351,"expos"
"fairli",-0.172400303528385,"fairli"
"pack",-0.175312066689016,"pack"
"logic",-0.17884371672083,"logic"
"appreci",-0.179085437225921,"appreci"
"convert",-0.183950791546806,"convert"
"degre",-0.18608391212812,"degre"
"concern",-0.189002812632405,"concern"
"form",-0.189527567273561,"form"
"pro",-0.190302383060262,"pro"
"quickli",-0.190528995040269,"quickli"
"unit",-0.194089529828728,"unit"
"vote",-0.19427110784956,"vote"
"declar",-0.194977540574797,"declar"
"idea",-0.195020495163667,"idea"
"remain",-0.196590388484093,"remain"
"chanc",-0.197808982358503,"chanc"
"matter",-0.199838459672729,"matter"
"zero",-0.2015627025844,"zero"
"treat",-0.206452706013457,"treat"
"directori",-0.206836269869343,"directori"
"map",-0.206910669138366,"map"
"certainli",-0.207023395316951,"certainli"
"photo",-0.207162054123336,"photo"
"strong",-0.20838943935246,"strong"
"review",-0.211872356671325,"review"
"visual",-0.216570959436623,"visual"
"contact",-0.217534241455528,"contact"
"termin",-0.218751849365759,"termin"
"expens",-0.219193822517953,"expens"
"encod",-0.221247162506279,"encod"
"profession",-0.223142742348585,"profession"
"equal",-0.225398642787909,"equal"
"appar",-0.226020047827355,"appar"
"dynam",-0.22764403428694,"dynam"
"api",-0.228848904492117,"api"
"touch",-0.229880622836033,"touch"
"trust",-0.231308428324258,"trust"
"power",-0.231655999897111,"power"
"boot",-0.231681049803767,"boot"
"credenti",-0.232029293758015,"credenti"
"event",-0.234234957486231,"event"
"reli",-0.234394283549901,"reli"
"achiev",-0.235448836490767,"achiev"
"byte",-0.23678946448593,"byte"
"maintain",-0.236869850956414,"maintain"
"deep",-0.237323437016115,"deep"
"surpris",-0.238182152365632,"surpris"
"assign",-0.239608036947988,"assign"
"job",-0.243663294154737,"job"
"obviou",-0.244295667519008,"obviou"
"extend",-0.244867007820246,"extend"
"serv",-0.245445676267726,"serv"
"experi",-0.246152892901414,"experi"
"fill",-0.250095943607609,"fill"
"net",-0.250159176289616,"net"
"instruct",-0.250242749352314,"instruct"
"sell",-0.251631313000588,"sell"
"repli",-0.254766923675092,"repli"
"walk",-0.261276166928006,"walk"
"admin",-0.267150097057475,"admin"
"folder",-0.269962197324341,"folder"
"thousand",-0.272657774868428,"thousand"
"extens",-0.273208837647195,"extens"
"folk",-0.273694629731483,"folk"
"interfac",-0.275526295209004,"interfac"
"perfectli",-0.275694563752201,"perfectli"
"locat",-0.275760290884187,"locat"
"blog",-0.277829084259738,"blog"
"broken",-0.2797377838512,"broken"
"infect",-0.282858377299036,"infect"
"grab",-0.282873678539628,"grab"
"serious",-0.283498562693838,"serious"
"field",-0.28358307854969,"field"
"certif",-0.285671222832834,"certif"
"firewal",-0.287027443555512,"firewal"
"dump",-0.287091193506471,"dump"
"clearli",-0.290052588130758,"clearli"
"speak",-0.290540904892895,"speak"
"nativ",-0.290740476740601,"nativ"
"massiv",-0.291270916892598,"massiv"
"print",-0.294090490167641,"print"
"combin",-0.295205349348616,"combin"
"display",-0.298950767262019,"display"
"input",-0.300855691091539,"input"
"corpor",-0.301377591090645,"corpor"
"challeng",-0.305430937840658,"challeng"
"chrome",-0.30716453783276,"chrome"
"weird",-0.307957998213443,"weird"
"competit",-0.30968322913967,"competit"
"associ",-0.311202199351571,"associ"
"phone",-0.311226998582776,"phone"
"queri",-0.312896032251898,"queri"
"seriou",-0.313075358153659,"seriou"
"reduc",-0.313799283609872,"reduc"
"null",-0.315166556799146,"null"
"repres",-0.317285066128006,"repres"
"parent",-0.319594166825709,"parent"
"visit",-0.321379316520575,"visit"
"task",-0.324707613219116,"task"
"order",-0.324732249362693,"order"
"excel",-0.325103139690383,"excel"
"fun",-0.328896653417787,"fun"
"attribut",-0.329663362498555,"attribut"
"proper",-0.329702806348655,"proper"
"algorithm",-0.333228853890475,"algorithm"
"fair",-0.337409090294095,"fair"
"deploy",-0.33903444405,"deploy"
"side",-0.339826119009649,"side"
"domain",-0.339900400191488,"domain"
"intend",-0.339921919325847,"intend"
"engin",-0.340152163740794,"engin"
"vpn",-0.34066974265658,"vpn"
"fight",-0.342393728536064,"fight"
"studi",-0.342831891108428,"studi"
"polit",-0.34435641978476,"polit"
"relev",-0.345898081973247,"relev"
"level",-0.347263553976614,"level"
"instagram",-0.347349902514719,"instagram"
"front",-0.34751420785509,"front"
"model",-0.348314760709709,"model"
"introduc",-0.348375592289988,"introduc"
"pattern",-0.349215898106674,"pattern"
"cheap",-0.349555364134649,"cheap"
"hidden",-0.351642156016033,"hidden"
"outsid",-0.352995066135339,"outsid"
"router",-0.353943178670389,"router"
"illeg",-0.355886097474858,"illeg"
"desktop",-0.356278438448595,"desktop"
"meet",-0.356372857393414,"meet"
"imposs",-0.35762081476868,"imposs"
"databas",-0.357721626091543,"databas"
"fake",-0.359231671964705,"fake"
"constant",-0.35942120202173,"constant"
"space",-0.359871369924279,"space"
"nearli",-0.360269990011638,"nearli"
"complic",-0.36027879309707,"complic"
"resolv",-0.36034841080542,"resolv"
"occur",-0.360444749960675,"occur"
"indic",-0.361251987977382,"indic"
"straight",-0.36314901875288,"straight"
"suppli",-0.368136694198098,"suppli"
"filter",-0.369673624900207,"filter"
"twitter",-0.370928648120268,"twitter"
"slightli",-0.373805431105348,"slightli"
"kindl",-0.37430448509126,"kindl"
"mac",-0.374984359554219,"mac"
"usernam",-0.375074059254968,"usernam"
"funni",-0.376526464357921,"funni"
"insert",-0.378777855976401,"insert"
"group",-0.379544864924373,"group"
"modul",-0.379898268116065,"modul"
"tend",-0.382744872138702,"tend"
"distro",-0.383329691399147,"distro"
"pentest",-0.386653673629066,"pentest"
"licens",-0.386843869964826,"licens"
"protest",-0.387367178430832,"protest"
"capabl",-0.387368014790442,"capabl"
"gnome",-0.388839304441536,"gnome"
"dead",-0.392431569594735,"dead"
"token",-0.393617692984177,"token"
"appropri",-0.395502741650059,"appropri"
"discuss",-0.396065240959898,"discuss"
"student",-0.398098712381594,"student"
"tune",-0.400002736128772,"tune"
"cost",-0.400099328170298,"cost"
"decent",-0.40112773474845,"decent"
"ran",-0.40188637460973,"ran"
"java",-0.401921571118682,"java"
"roll",-0.405145797758386,"roll"
"crazi",-0.408126753971789,"crazi"
"stick",-0.409220986712157,"stick"
"distribut",-0.409517026030522,"distribut"
"magic",-0.40974993608163,"magic"
"explicitli",-0.409847978067114,"explicitli"
"vendor",-0.411967293464072,"vendor"
"familiar",-0.412144863258853,"familiar"
"welcom",-0.413030747676577,"welcom"
"regist",-0.414327970808692,"regist"
"gain",-0.415311764266113,"gain"
"focus",-0.41695011407912,"focus"
"trick",-0.417059795078796,"trick"
"effici",-0.417996954497982,"effici"
"pictur",-0.418872058675912,"pictur"
"default",-0.419003210524056,"default"
"iter",-0.419398755751412,"iter"
"defac",-0.421770435632846,"defac"
"tech",-0.421843227752559,"tech"
"victim",-0.422301698287078,"victim"
"festiv",-0.42581217142405,"festiv"
"prove",-0.425822370662868,"prove"
"lower",-0.426348496312531,"lower"
"subject",-0.426958707576022,"subject"
"node",-0.42907589749472,"node"
"fall",-0.429418530464035,"fall"
"reset",-0.429525927319963,"reset"
"permiss",-0.432850910789956,"permiss"
"verifi",-0.433315799302207,"verifi"
"submit",-0.436296701387122,"submit"
"sourc",-0.438495423373016,"sourc"
"hide",-0.43940114528111,"hide"
"express",-0.440122265257248,"express"
"sit",-0.440344369173717,"sit"
"breach",-0.441005493168325,"breach"
"die",-0.441919948483204,"die"
"obtain",-0.442981494051804,"obtain"
"debian",-0.443128067986028,"debian"
"pars",-0.443986426107453,"pars"
"determin",-0.445065788956828,"determin"
"optim",-0.445795858425451,"optim"
"mark",-0.446768202759327,"mark"
"equival",-0.447915704548055,"equival"
"solid",-0.449511561949653,"solid"
"carri",-0.449566242816498,"carri"
"reveal",-0.449910507073644,"reveal"
"pen",-0.450692883313405,"pen"
"respect",-0.4519905123703,"respect"
"polic",-0.452015570281891,"polic"
"stuck",-0.452335688783889,"stuck"
"ipad",-0.452852652215824,"ipad"
"tutori",-0.453636506125217,"tutori"
"arrest",-0.454617700852373,"arrest"
"will",-0.455162436574787,"will"
"cach",-0.457522311972381,"cach"
"interact",-0.458012086441956,"interact"
"path",-0.459021918757847,"path"
"autom",-0.45939350879812,"autom"
"award",-0.460319732113039,"award"
"count",-0.460324191036771,"count"
"fresh",-0.461339580943355,"fresh"
"london",-0.461425252734055,"london"
"graphic",-0.462214634424298,"graphic"
"usa",-0.462492977715634,"usa"
"paypal",-0.462537392315493,"paypal"
"malwar",-0.462616991028761,"malwar"
"suck",-0.462704246435234,"suck"
"kick",-0.463166081805918,"kick"
"inspir",-0.463652895853135,"inspir"
"redirect",-0.465202733767129,"redirect"
"platform",-0.467403664902421,"platform"
"middl",-0.469451406536599,"middl"
"monitor",-0.47051889399952,"monitor"
"senior",-0.47051889399952,"senior"
"sensit",-0.471406586730149,"sensit"
"signal",-0.472669120089597,"signal"
"confirm",-0.472868772060065,"confirm"
"wear",-0.473036084865595,"wear"
"hire",-0.473896316666732,"hire"
"sponsor",-0.477098608333626,"sponsor"
"condit",-0.478205009740638,"condit"
"travel",-0.47836177924772,"travel"
"attach",-0.478523130633064,"attach"
"cloud",-0.478863196310064,"cloud"
"firefox",-0.480124530408695,"firefox"
"date",-0.480256770197062,"date"
"necessarili",-0.480522803220054,"necessarili"
"merg",-0.481333388704114,"merg"
"primari",-0.482362379699857,"primari"
"steal",-0.48245360371239,"steal"
"techniqu",-0.484241209666942,"techniqu"
"hate",-0.485019291830946,"hate"
"concept",-0.485330644910406,"concept"
"regardless",-0.48572549566024,"regardless"
"gear",-0.486318712230179,"gear"
"packet",-0.486675474407505,"packet"
"root",-0.487395723014427,"root"
"wrap",-0.487532015423148,"wrap"
"nsa",-0.487928668411315,"nsa"
"annoy",-0.488008569425184,"annoy"
"poor",-0.488714116214641,"poor"
"dictionari",-0.488741451551717,"dictionari"
"sql",-0.489403199630261,"sql"
"backup",-0.489627391725321,"backup"
"prepar",-0.491083885382067,"prepar"
"previous",-0.491225821665874,"previous"
"tree",-0.491418100844524,"tree"
"login",-0.494371080639532,"login"
"rais",-0.497735713659164,"rais"
"instanc",-0.498895815427013,"instanc"
"twice",-0.499148299517046,"twice"
"stolen",-0.499209502160306,"stolen"
"crimin",-0.502124923719313,"crimin"
"revers",-0.502708008031115,"revers"
"compon",-0.505944135206441,"compon"
"hamper",-0.506070380539632,"hamper"
"setup",-0.50760255467826,"setup"
"own",-0.507702118866167,"own"
"catch",-0.508283690938368,"catch"
"odd",-0.508310183804013,"odd"
"protocol",-0.510440059120874,"protocol"
"chines",-0.511109914541115,"chines"
"averag",-0.514621990597629,"averag"
"wifi",-0.518735256499274,"wifi"
"goal",-0.519210797207993,"goal"
"stack",-0.520347530507728,"stack"
"dedic",-0.522208433504716,"dedic"
"charg",-0.522599955277262,"charg"
"accomplish",-0.522979412911948,"accomplish"
"independ",-0.524348120087927,"independ"
"html",-0.526112663383822,"html"
"insid",-0.526544080318974,"insid"
"reliabl",-0.52685463192365,"reliabl"
"nest",-0.530062058379361,"nest"
"truli",-0.530198021445722,"truli"
"danger",-0.530233853789411,"danger"
"teach",-0.530945599001046,"teach"
"bash",-0.532381990947802,"bash"
"vip",-0.533017337979582,"vip"
"neg",-0.53507343018746,"neg"
"integr",-0.535846959296892,"integr"
"imagin",-0.536189738179261,"imagin"
"lack",-0.536265250349928,"lack"
"pop",-0.536564586785037,"pop"
"channel",-0.537072613242588,"channel"
"employe",-0.539350911306724,"employe"
"cours",-0.539367363004107,"cours"
"militari",-0.539532119876477,"militari"
"proxi",-0.540089918093934,"proxi"
"stream",-0.540429910403854,"stream"
"restrict",-0.540648046851166,"restrict"
"shut",-0.541782117433619,"shut"
"pointer",-0.543444346514455,"pointer"
"master",-0.543947183051769,"master"
"sampl",-0.545437723210259,"sampl"
"crack",-0.545760071763638,"crack"
"signific",-0.545808124509736,"signific"
"context",-0.546114321898663,"context"
"financi",-0.546237703322746,"financi"
"deserv",-0.547852293119553,"deserv"
"unknown",-0.548922003255411,"unknown"
"kit",-0.551864342581693,"kit"
"statement",-0.552247530700948,"statement"
"round",-0.553320787744792,"round"
"semant",-0.55430831859778,"semant"
"profil",-0.555245835123413,"profil"
"header",-0.555453040376892,"header"
"weak",-0.555512848652859,"weak"
"feder",-0.557327908829558,"feder"
"terribl",-0.55737077480073,"terribl"
"suspect",-0.557799901097784,"suspect"
"inform",-0.559555733486645,"inform"
"ideal",-0.559572527067444,"ideal"
"overal",-0.560329541118297,"overal"
"former",-0.560648643978168,"former"
"mistak",-0.560861655528444,"mistak"
"action",-0.562801627674738,"action"
"guarante",-0.563400032307117,"guarante"
"mess",-0.563686414519036,"mess"
"approach",-0.563929105354089,"approach"
"particularli",-0.564275065861162,"particularli"
"flash",-0.564998469647401,"flash"
"commerci",-0.565353898629839,"commerci"
"javascript",-0.565677602289326,"javascript"
"desir",-0.566451330823366,"desir"
"deriv",-0.566634447848141,"deriv"
"harder",-0.567708788887598,"harder"
"anim",-0.569212874407242,"anim"
"raw",-0.569528449387374,"raw"
"grand",-0.569910724961986,"grand"
"score",-0.571306792743792,"score"
"deliv",-0.571812635874014,"deliv"
"destroy",-0.572894412606449,"destroy"
"spread",-0.57445297164709,"spread"
"wild",-0.574603865104068,"wild"
"fbi",-0.574722529164062,"fbi"
"stabl",-0.574899156625008,"stabl"
"forum",-0.575192665139096,"forum"
"debug",-0.576264579301785,"debug"
"embed",-0.577366180843091,"embed"
"unix",-0.577777625344424,"unix"
"inject",-0.578395597938935,"inject"
"respond",-0.578917805636889,"respond"
"situat",-0.579012947288272,"situat"
"util",-0.580180068410066,"util"
"caught",-0.580439798941298,"caught"
"alert",-0.580808549158282,"alert"
"ring",-0.581500271954319,"ring"
"player",-0.581710319569943,"player"
"kali",-0.582116522851515,"kali"
"dvd",-0.582142991192348,"dvd"
"programm",-0.582177767541375,"programm"
"intent",-0.582815388063436,"intent"
"slower",-0.583369908328832,"slower"
"assembl",-0.584115439144989,"assembl"
"size",-0.584298621728438,"size"
"phish",-0.585217858808605,"phish"
"defend",-0.585824303775808,"defend"
"crash",-0.585928293560706,"crash"
"legitim",-0.585950479601185,"legitim"
"reader",-0.588242555267436,"reader"
"univers",-0.590758038558979,"univers"
"strang",-0.591383224889384,"strang"
"integ",-0.591631651420997,"integ"
"wipe",-0.591829271168645,"wipe"
"ident",-0.592636952478752,"ident"
"isp",-0.593465734430094,"isp"
"tab",-0.59378838865536,"tab"
"prior",-0.594017601708669,"prior"
"ship",-0.594909292441057,"ship"
"flaw",-0.594938659940049,"flaw"
"suit",-0.596392538947546,"suit"
"numer",-0.596842732808389,"numer"
"expand",-0.599709807139696,"expand"
"duplic",-0.601903857944635,"duplic"
"render",-0.602175059954436,"render"
"measur",-0.604963593117883,"measur"
"calcul",-0.605420228793619,"calcul"
"recogn",-0.605505330805355,"recogn"
"cisco",-0.608109745508141,"cisco"
"decrypt",-0.608643328573713,"decrypt"
"youtub",-0.608669651242628,"youtub"
"evalu",-0.609051077991185,"evalu"
"arbitrari",-0.609276397342556,"arbitrari"
"mainli",-0.609616392957623,"mainli"
"promis",-0.609870175918656,"promis"
"flag",-0.610409231008293,"flag"
"undefin",-0.610547459658789,"undefin"
"demonstr",-0.610646920211647,"demonstr"
"experienc",-0.611160777909906,"experienc"
"dumb",-0.612011464294432,"dumb"
"interpret",-0.612591927857661,"interpret"
"extract",-0.612855567409646,"extract"
"core",-0.613177396840822,"core"
"serial",-0.613410236230327,"serial"
"foreign",-0.614343406364898,"foreign"
"lab",-0.614947965709296,"lab"
"expert",-0.61535004205634,"expert"
"honest",-0.615358345083789,"honest"
"tradit",-0.616125565835331,"tradit"
"accident",-0.617158801642927,"accident"
"restor",-0.617315457913535,"restor"
"technolog",-0.61770251468281,"technolog"
"bank",-0.618373860691766,"bank"
"titl",-0.618790015782761,"titl"
"impress",-0.61904429345309,"impress"
"rid",-0.619476995583361,"rid"
"float",-0.620062234126691,"float"
"php",-0.620459436064253,"php"
"minor",-0.620679225925945,"minor"
"syntax",-0.62076216963006,"syntax"
"fundament",-0.62144542023809,"fundament"
"dark",-0.621793720514625,"dark"
"alloc",-0.623948614653,"alloc"
"plugin",-0.624175466262728,"plugin"
"scale",-0.624518848135636,"scale"
"pure",-0.627560568032957,"pure"
"disagre",-0.628333090210122,"disagre"
"resid",-0.629009545578542,"resid"
"frequent",-0.629889917875339,"frequent"
"remind",-0.63116265773089,"remind"
"plenti",-0.631343314104582,"plenti"
"bind",-0.631756260289718,"bind"
"index",-0.631979820300001,"index"
"button",-0.632192366411521,"button"
"prime",-0.633446103320573,"prime"
"compat",-0.633775458544912,"compat"
"chat",-0.633836883320395,"chat"
"canada",-0.63446582005969,"canada"
"forev",-0.634715345096624,"forev"
"shell",-0.635036466396056,"shell"
"stori",-0.636021734485962,"stori"
"screw",-0.636109744220615,"screw"
"wall",-0.636368728219187,"wall"
"repositori",-0.637128717977466,"repositori"
"argu",-0.637406963030636,"argu"
"law",-0.637763747334521,"law"
"dollar",-0.638090307007366,"dollar"
"layer",-0.639375275912526,"layer"
"escap",-0.639890788830778,"escap"
"trigger",-0.640088456592391,"trigger"
"visibl",-0.640158134017275,"visibl"
"recip",-0.640784478438275,"recip"
"environ",-0.641032909734391,"environ"
"kind",-0.641301331127413,"kind"
"plug",-0.641473355985364,"plug"
"either",-0.641786394096147,"either"
"templat",-0.642243708467496,"templat"
"wow",-0.643108657869817,"wow"
"speed",-0.643212253009335,"speed"
"ping",-0.643392498883013,"ping"
"bar",-0.643558367959931,"bar"
"flask",-0.643986725191399,"flask"
"memori",-0.644679941565213,"memori"
"impli",-0.646498186198857,"impli"
"minim",-0.647549030210854,"minim"
"itun",-0.648060796248395,"itun"
"employ",-0.648074700640839,"employ"
"oscp",-0.648342928372032,"oscp"
"fedora",-0.649284242041823,"fedora"
"css",-0.649370778488996,"css"
"broke",-0.649541152556137,"broke"
"establish",-0.64955272942826,"establish"
"advis",-0.649711333155568,"advis"
"race",-0.64972589346837,"race"
"wikileak",-0.649935433746373,"wikileak"
"contribut",-0.65042366353422,"contribut"
"restart",-0.650615296829332,"restart"
"repeat.",-0.651119533957594,"repeat."
"purchas",-0.653118883905962,"purchas"
"trivial",-0.653633233183384,"trivial"
"invit",-0.653905480051111,"invit"
"snap",-0.654517344935084,"snap"
"letter",-0.654792227327683,"letter"
"privileg",-0.65495564971409,"privileg"
"readabl",-0.655296376038324,"readabl"
"label",-0.655377432805837,"label"
"theme",-0.655691215374873,"theme"
"complain",-0.65687143662415,"complain"
"config",-0.65754915654791,"config"
"structur",-0.658073218279357,"structur"
"proprietari",-0.658327473705635,"proprietari"
"prompt",-0.658705671564288,"prompt"
"electron",-0.658879968309138,"electron"
"bio",-0.659131284234129,"bio"
"ssh",-0.660381587646219,"ssh"
"grant",-0.661323552599929,"grant"
"arriv",-0.661409903410795,"arriv"
"cpu",-0.661939035527435,"cpu"
"randomli",-0.66236434372278,"randomli"
"usag",-0.662858442305226,"usag"
"gmail",-0.662889078337312,"gmail"
"shot",-0.665170878310136,"shot"
"qualifi",-0.665342986528271,"qualifi"
"headphon",-0.666743771686173,"headphon"
"jump",-0.668497589012444,"jump"
"archiv",-0.668634780803449,"archiv"
"sock",-0.669292173276566,"sock"
"consol",-0.671493890062581,"consol"
"feed",-0.672987678352753,"feed"
"risk",-0.674394161219367,"risk"
"screenshot",-0.67571437294497,"screenshot"
"agenc",-0.676709230406665,"agenc"
"ugli",-0.67683196277782,"ugli"
"compet",-0.677189109989783,"compet"
"interview",-0.677549529553603,"interview"
"januari",-0.677737068702144,"januari"
"door",-0.677915511359656,"door"
"creativ",-0.678159979580743,"creativ"
"echo",-0.678326848447631,"echo"
"subscrib",-0.67994293528351,"subscrib"
"disclos",-0.680384029415255,"disclos"
"giant",-0.680633713674415,"giant"
"construct",-0.682056155181132,"construct"
"vlan",-0.6822520785326,"vlan"
"captur",-0.683207660031156,"captur"
"camera",-0.683680003372517,"camera"
"accur",-0.68433808755102,"accur"
"github",-0.684695686787437,"github"
"focu",-0.684766657641666,"focu"
"propos",-0.684879339117996,"propos"
"comfort",-0.68565576689279,"comfort"
"ebook",-0.68572187824213,"ebook"
"skip",-0.685741351049298,"skip"
"hang",-0.686271613608109,"hang"
"font",-0.686290331751366,"font"
"append",-0.686301143762016,"append"
"valuabl",-0.686527562494278,"valuabl"
"transfer",-0.687717163841014,"transfer"
"column",-0.687745820020228,"column"
"tire",-0.68796459151455,"tire"
"articl",-0.6886023672047,"articl"
"icon",-0.688779640809918,"icon"
"temporari",-0.689730014313672,"temporari"
"tough",-0.689901489581013,"tough"
"brows",-0.690088961165975,"brows"
"authent",-0.690365493871531,"authent"
"analyz",-0.691082081236579,"analyz"
"exam",-0.691375115913569,"exam"
"invok",-0.69186929008121,"invok"
"aim",-0.691941734454218,"aim"
"govern",-0.692831229975108,"govern"
"publicli",-0.693623384549748,"publicli"
"referenc",-0.6946170367859,"referenc"
"session",-0.694714443904288,"session"
"administr",-0.695071829680379,"administr"
"predict",-0.695252695944142,"predict"
"refus",-0.695838740756705,"refus"
"educ",-0.695855505243596,"educ"
"ridicul",-0.696518896504072,"ridicul"
"silli",-0.69671269815073,"silli"
"ethic",-0.697027158917239,"ethic"
"adapt",-0.697553782119375,"adapt"
"novel",-0.698160412347269,"novel"
"conflict",-0.698807642322383,"conflict"
"visa",-0.699548371659422,"visa"
"clone",-0.701033768724964,"clone"
"framework",-0.701301598529858,"framework"
"cabl",-0.701396079819022,"cabl"
"inherit",-0.701657695407233,"inherit"
"invalid",-0.701998792104044,"invalid"
"oppos",-0.702047847532074,"oppos"
"advantag",-0.702496991093619,"advantag"
"retriev",-0.703078332539246,"retriev"
"polici",-0.704418420867996,"polici"
"hardwar",-0.704498369008899,"hardwar"
"donat",-0.704507283105082,"donat"
"hook",-0.704771084807486,"hook"
"unlik",-0.7049140826844,"unlik"
"press",-0.705401255500846,"press"
"explor",-0.705705400614979,"explor"
"unabl",-0.705960365427853,"unabl"
"offic",-0.706825215222786,"offic"
"cryptograph",-0.707366904930365,"cryptograph"
"flat",-0.707610034545615,"flat"
"unlock",-0.708885781097304,"unlock"
"encount",-0.709173767262883,"encount"
"ram",-0.709512231879843,"ram"
"mode",-0.710224974523313,"mode"
"nail",-0.7108419493968,"nail"
"aspect",-0.710978477919563,"aspect"
"minimum",-0.711828150053007,"minimum"
"materi",-0.712365237574974,"materi"
"unnecessari",-0.712674008408382,"unnecessari"
"signatur",-0.713267035495501,"signatur"
"horribl",-0.71366288273184,"horribl"
"partial",-0.71380852199406,"partial"
"infosec",-0.713897387357621,"infosec"
"opposit",-0.714172583838828,"opposit"
"earn",-0.714222592657184,"earn"
"threat",-0.714523838140161,"threat"
"recov",-0.715864993284928,"recov"
"disk",-0.71666866393397,"disk"
"februari",-0.717363708545611,"februari"
"suffici",-0.718246795709885,"suffici"
"reboot",-0.719013783132488,"reboot"
"wire",-0.719098725915379,"wire"
"refresh",-0.719189891020645,"refresh"
"indian",-0.719584333121392,"indian"
"recurs",-0.720350440930567,"recurs"
"market",-0.720526255518815,"market"
"convinc",-0.721707959268682,"convinc"
"pain",-0.722871202604373,"pain"
"symbol",-0.723220758471649,"symbol"
"impact",-0.723834148514384,"impact"
"bitcoin",-0.725010472565428,"bitcoin"
"scope",-0.725130153570094,"scope"
"admit",-0.72560193434174,"admit"
"strongli",-0.725713953486944,"strongli"
"scenario",-0.726340555144464,"scenario"
"sysadmin",-0.726390537980756,"sysadmin"
"demand",-0.727008368796738,"demand"
"invest",-0.727077216433166,"invest"
"engag",-0.728418418612126,"engag"
"split",-0.728590302390774,"split"
"sync",-0.729283475117872,"sync"
"audio",-0.729544443286631,"audio"
"correspond",-0.730300499035106,"correspond"
"reflect",-0.730584652188372,"reflect"
"corrupt",-0.730606987225771,"corrupt"
"lazi",-0.731061865293193,"lazi"
"chip",-0.731176471381354,"chip"
"dual",-0.731516716568722,"dual"
"iphon",-0.732059049010146,"iphon"
"promot",-0.732097317764246,"promot"
"spot",-0.732352637922272,"spot"
"encourag",-0.732979693844188,"encourag"
"translat",-0.734347911313427,"translat"
"bare",-0.734607368429786,"bare"
"evil",-0.735772027606972,"evil"
"manufactur",-0.736121274708565,"manufactur"
"attend",-0.736982968144481,"attend"
"theoret",-0.737926080337893,"theoret"
"surviv",-0.738034658361929,"surviv"
"kde",-0.738426755174311,"kde"
"persist",-0.739014291032013,"persist"
"explicit",-0.739645231595759,"explicit"
"convers",-0.739755010072695,"convers"
"brand",-0.740103114945821,"brand"
"advertis",-0.740962727289796,"advertis"
"length",-0.742654091621788,"length"
"amount",-0.743226548978153,"amount"
"approv",-0.743395408842629,"approv"
"strict",-0.743500123734944,"strict"
"luck",-0.743649165220932,"luck"
"west",-0.744350450301701,"west"
"offlin",-0.74455124481873,"offlin"
"rose",-0.74457461948305,"rose"
"struggl",-0.745578246260336,"struggl"
"soft",-0.747589292809146,"soft"
"adjust",-0.747713166813634,"adjust"
"enterpris",-0.747870887275362,"enterpris"
"fund",-0.748047951373541,"fund"
"eleg",-0.748601614925017,"eleg"
"gather",-0.748892412716842,"gather"
"maximum",-0.74966932263148,"maximum"
"mere",-0.750412609026164,"mere"
"rich",-0.751399379234877,"rich"
"upcom",-0.751885224915558,"upcom"
"plain",-0.751947306816461,"plain"
"notifi",-0.752553291913554,"notifi"
"brilliant",-0.75323568456403,"brilliant"
"usabl",-0.754077492482781,"usabl"
"underli",-0.754369787556465,"underli"
"outdat",-0.756187105960684,"outdat"
"flexibl",-0.756442299081901,"flexibl"
"anniversari",-0.75652702866543,"anniversari"
